{"0.05|0.75": [0.384921040604685, 0.44397932272898044, 0.3620030410153897, 0.21481086561525717, 0.4277542740781395, 0.45814032826655515, 0.2782592112012349, 0.35525704161114946, 0.27499077398826527, 0.4557976611628643, 0.38151544811120464, 0.40117862279493677, 0.3782661697607185, 0.6130610383414962, 0.34199573622753016, 0.48465603209871333, 0.43272268363538047, 0.1947390714722466, 0.3259763930306801, 0.43351361032071484, 0.4141097216437952, 0.4002721042917735, 0.4100110823198244, 0.43779789380464357, 0.4092190130322095, 0.45131531510577033, 0.41053731827150364, 0.34714557678868196, 0.440229197891579, 0.31137694885618256], "0.05|0.8": [0.28858962799220383, 0.45640968442263724, 0.12917609847827155, 0.16660376514199493, 0.19967548329928256, 0.14976294667739176, 0.09893058953977489, 0.21449231323612064, 0.17415180692886817, 0.23840724121097, 0.255282795765841, 0.23909760045269757, 0.17244401100623447, 0.1957504969831253, 0.44770216580260613, 0.16082173732340735, 0.19981807528569068, 0.16206194511909805, 0.16852999588342674, 0.15851766307913787, 0.1532816316423322, 0.18321735445486806, 0.14606688286840216, 0.14205191828641453, 0.16425819793577537, 0.3277239582727606, 0.2424304247458157, 0.16658794611658484, 0.32951196510668124, 0.38587206760891546], "0.05|0.85": [0.19442323802491557, 0.2947585968959412, 0.11247838109763238, 0.19369273360801892, 0.1862154663587514, 0.15460902697929263, 0.11365309820208562, 0.22434596565624118, 0.1774279940490457, 0.16515557324024327, 0.255766521643195, 0.16111848501617856, 0.1828247013339835, 0.07083950627646537, 0.48209821212267995, 0.13295627257092993, 0.19816682168509703, 0.17943725383698325, 0.18524604084779492, 0.17611975785347214, 0.13531454363314716, 0.17995544849812636, 0.1471450772405215, 0.07846225181608105, 0.14224466763761778, 0.3001878190889301, 0.0831577299937931, 0.11903752078463267, 0.15011114666306974, 0.3615037155762777], "0.05|0.9": [0.20504331053215186, 0.2804726233375732, 0.12162029572974675, 0.21009855030139668, 0.1954813897042438, 0.16278606797540762, 0.12233956260249237, 0.23530071261912347, 0.18338007751826313, 0.1744235943459521, 0.2625613143765575, 0.16643324443038998, 0.1887541360454183, 0.1074378893500807, 0.49158510586753196, 0.1473580964058341, 0.23619755494276548, 0.2292864389584037, 0.23889517197486904, 0.2159942690136111, 0.1436522854923819, 0.181639372598872, 0.1574448374125982, 0.08332463062212482, 0.14662341510777988, 0.3023829183481202, 0.08437344542136148, 0.12453912331011635, 0.14993642747679797, 0.36390499781436597], "0.075|0.75": [0.3857532985781628, 0.44468555123090375, 0.32643192752652994, 0.1747507392155761, 0.392537344267439, 0.42721262637111107, 0.2634116089630649, 0.3341732979913698, 0.21271441830101886, 0.45476723086765636, 0.2706743308458669, 0.42054448545167855, 0.3628936644491655, 0.586805220386309, 0.34624618440815885, 0.47453224923793486, 0.4119857246462908, 0.11138609633706001, 0.2613541436192965, 0.4027049267647244, 0.400538027756826, 0.3160549896009291, 0.35998887025464094, 0.4244848343073402, 0.3543979773906552, 0.4545570842104021, 0.410794435097564, 0.32385232667421543, 0.4403576059682366, 0.3204866676380563], "0.075|0.8": [0.24363905806827915, 0.42014146771832456, 0.11331991447071586, 0.14076095340262829, 0.17710448689565556, 0.1246413313734482, 0.09149087249697571, 0.16678461754826535, 0.15622299079770635, 0.21557225941208047, 0.14876975213999039, 0.15870215572300564, 0.1890272021176545, 0.14517083488968238, 0.4281847473230289, 0.14868690956026204, 0.16950685017570957, 0.09919109936018913, 0.10703880949085742, 0.12814899329480575, 0.14556295937777547, 0.10430571586289655, 0.10325371244276908, 0.095351081294462, 0.08378886177785028, 0.1890750927465748, 0.22613983801639725, 0.11717232571029046, 0.2673814014583761, 0.3307795424741345], "0.075|0.85": [0.18212655447214798, 0.27667858339161105, 0.16461019790983789, 0.2563246943339166, 0.23740641249914182, 0.1738978810507558, 0.16611672961833177, 0.23680903422797014, 0.19941569062944975, 0.22191060390237147, 0.17487963429192005, 0.10487385074568925, 0.2554351990526278, 0.07638361361642731, 0.4350952081011674, 0.17848206330769165, 0.19619323901110372, 0.1407172844440345, 0.16339559318159189, 0.17642853944761908, 0.16799860427945604, 0.11097868330517259, 0.12872565962503987, 0.06966485511030168, 0.08780192551400312, 0.15927698373009572, 0.1028271671874192, 0.11784225365688912, 0.12401904649635048, 0.15113215794841595], "0.075|0.9": [0.23732829639672604, 0.2691139387269228, 0.18691504141482002, 0.2973654368584483, 0.2642887573277292, 0.2205571630536563, 0.18708861176566371, 0.26473374071101413, 0.22430375729504334, 0.2762029674609171, 0.1945652973358288, 0.13282765450180378, 0.2712772108251194, 0.1161954245376056, 0.4920347400552354, 0.2368465475234269, 0.26643366098903065, 0.19620964463710464, 0.23609966394549728, 0.23801502840018593, 0.23739630584288887, 0.12110174358630994, 0.16635495994979252, 0.1159242905897932, 0.10383211333673474, 0.1986550292486048, 0.16640209717897914, 0.15440634262717606, 0.18945032922988522, 0.1726854145417428], "0.1|0.75": [0.38575329857816293, 0.4439696314695978, 0.3256853170278859, 0.17263995638304108, 0.38984048317923575, 0.42605298145270043, 0.2610761565780638, 0.31759644532002246, 0.21002412175003649, 0.45752470469171763, 0.2567198293664009, 0.42054448545167855, 0.36477726306990327, 0.5839485291957459, 0.34981588255244883, 0.4747424948413642, 0.41015555109393764, 0.07313582220582486, 0.2552600889073788, 0.40217073460685054, 0.3963818196143724, 0.29908053283372854, 0.3564902717495288, 0.4245836971066612, 0.34394446651156396, 0.4646225592240669, 0.410850330059751, 0.3211991228281543, 0.4237845438776697, 0.32232259944630337], "0.1|0.8": [0.23529948759978658, 0.4167493507296695, 0.11641143928042036, 0.14880518504823811, 0.18201411413138355, 0.12588380807174532, 0.09698912607338132, 0.13441797311623405, 0.16658040663346665, 0.2213343654355003, 0.14771743619627212, 0.14748734762715135, 0.21439169656229257, 0.14411181665694178, 0.2635498328407377, 0.1453199328676631, 0.15013978974856892, 0.06736113246089497, 0.10060244167675192, 0.1274094613768245, 0.15014688833109752, 0.08554975661162988, 0.10191150271351501, 0.0919911385513393, 0.0813551734790992, 0.15141823764057022, 0.22797598752424228, 0.12038460611610285, 0.2623587511156734, 0.2528311234154134], "0.1|0.85": [0.24279124925377507, 0.2968404556160573, 0.2327578549404305, 0.3290822304468501, 0.31087242618668864, 0.2080301900778753, 0.21839774675196413, 0.24495950604091046, 0.25959611104193353, 0.28908780447571175, 0.22847136965143278, 0.1183588045119974, 0.33414510118073215, 0.09707014282056906, 0.2967757643296668, 0.2389852633067174, 0.19893986514079287, 0.15002920650536455, 0.19270670348956578, 0.23115544528621623, 0.2231717749288047, 0.10634928600502817, 0.15322849660232493, 0.08421161094842822, 0.10375645463314712, 0.16921162501308118, 0.1594208164018149, 0.16538303973781004, 0.17168580859197094, 0.1150604691825704], "0.1|0.9": [0.3586124733295871, 0.29855598473150824, 0.27905612409293473, 0.38010400242107095, 0.34804360316275346, 0.28314710222143574, 0.2620696452899049, 0.3053612770550413, 0.31675644204328146, 0.3725351037340699, 0.2690562536420863, 0.19724525700717482, 0.3536832572881475, 0.1354997740667832, 0.3602490430737921, 0.3519176227255382, 0.3002454344681772, 0.2569557598302942, 0.31757752804102596, 0.31947470075203666, 0.34503562464122006, 0.14870527425101498, 0.21993900772759117, 0.16469567663231505, 0.15824017855453845, 0.27393675788200367, 0.2808442375088716, 0.27047497409451127, 0.3179320826526985, 0.21555587935305],